ano,turno,tipo_eleicao,sigla_uf,id_municipio,id_municipio_tse,cargo,numero_partido,sigla_partido,numero_candidato,sequencial_candidato,id_candidato_bd,resultado,votos
1996,1,eleicao ordinaria,AC,1200138,1007,prefeito,11,PPB,11,,,nao eleito,1028
1996,1,eleicao ordinaria,AC,1200138,1007,prefeito,13,PT,13,,,nao eleito,601
1996,1,eleicao ordinaria,AC,1200138,1007,prefeito,15,PMDB,15,,,eleito,1089
1996,1,eleicao ordinaria,AC,1200138,1007,vereador,11,PPB,11602,,,suplente,100
1996,1,eleicao ordinaria,AC,1200138,1007,vereador,11,PPB,11605,,,eleito por media,116
1996,1,eleicao ordinaria,AC,1200138,1007,vereador,11,PPB,11608,,,eleito,153
1996,1,eleicao ordinaria,AC,1200138,1007,vereador,11,PPB,11609,,,eleito por media,128
1996,1,eleicao ordinaria,AC,1200138,1007,vereador,11,PPB,11610,,,suplente,110
1996,1,eleicao ordinaria,AC,1200138,1007,vereador,11,PPB,11611,,,eleito,154
1996,1,eleicao ordinaria,AC,1200138,1007,vereador,11,PPB,11612,,,suplente,64
1996,1,eleicao ordinaria,AC,1200138,1007,vereador,11,PPB,11616,,,suplente,26
1996,1,eleicao ordinaria,AC,1200138,1007,vereador,11,PPB,11620,,,eleito,195
1996,1,eleicao ordinaria,AC,1200138,1007,vereador,11,PPB,11621,,,suplente,75
1996,1,eleicao ordinaria,AC,1200138,1007,vereador,11,PPB,11622,,,suplente,54
1996,1,eleicao ordinaria,AC,1200138,1007,vereador,13,PT,13601,,,suplente,54
1996,1,eleicao ordinaria,AC,1200138,1007,vereador,13,PT,13602,,,suplente,13
1996,1,eleicao ordinaria,AC,1200138,1007,vereador,13,PT,13610,,,suplente,85
1996,1,eleicao ordinaria,AC,1200138,1007,vereador,13,PT,13611,,,suplente,15
1996,1,eleicao ordinaria,AC,1200138,1007,vereador,13,PT,13613,,,suplente,32
1996,1,eleicao ordinaria,AC,1200138,1007,vereador,13,PT,13633,,,suplente,62
1996,1,eleicao ordinaria,AC,1200138,1007,vereador,13,PT,13677,,,suplente,26
1996,1,eleicao ordinaria,AC,1200138,1007,vereador,13,PT,13680,,,suplente,66
1996,1,eleicao ordinaria,AC,1200138,1007,vereador,15,PMDB,15601,,,suplente,45
1996,1,eleicao ordinaria,AC,1200138,1007,vereador,15,PMDB,15602,,,suplente,72
1996,1,eleicao ordinaria,AC,1200138,1007,vereador,15,PMDB,15603,,,suplente,16
1996,1,eleicao ordinaria,AC,1200138,1007,vereador,15,PMDB,15604,,,suplente,53
1996,1,eleicao ordinaria,AC,1200138,1007,vereador,15,PMDB,15605,,,suplente,66
1996,1,eleicao ordinaria,AC,1200138,1007,vereador,15,PMDB,15606,,,suplente,65
1996,1,eleicao ordinaria,AC,1200138,1007,vereador,15,PMDB,15607,,,suplente,19
1996,1,eleicao ordinaria,AC,1200138,1007,vereador,15,PMDB,15608,,,eleito,97
1996,1,eleicao ordinaria,AC,1200138,1007,vereador,15,PMDB,15609,,,suplente,25
1996,1,eleicao ordinaria,AC,1200138,1007,vereador,25,PFL,25601,,,suplente,13
1996,1,eleicao ordinaria,AC,1200138,1007,vereador,25,PFL,25603,,,eleito,153
1996,1,eleicao ordinaria,AC,1200138,1007,vereador,25,PFL,25604,,,suplente,16
1996,1,eleicao ordinaria,AC,1200138,1007,vereador,25,PFL,25606,,,suplente,103
1996,1,eleicao ordinaria,AC,1200138,1007,vereador,25,PFL,25608,,,suplente,45
1996,1,eleicao ordinaria,AC,1200138,1007,vereador,25,PFL,25610,,,suplente,40
1996,1,eleicao ordinaria,AC,1200138,1007,vereador,25,PFL,25611,,,suplente,7
1996,1,eleicao ordinaria,AC,1200138,1007,vereador,45,PSDB,45611,,,eleito,114
1996,1,eleicao ordinaria,AC,1200138,1007,vereador,45,PSDB,45624,,,suplente,35
1996,1,eleicao ordinaria,AC,1200138,1007,vereador,65,PC do B,65650,,,eleito por media,89
1996,1,eleicao ordinaria,AC,1200179,1015,prefeito,11,PPB,11,,,eleito,704
1996,1,eleicao ordinaria,AC,1200179,1015,prefeito,13,PT,13,,,nao eleito,221
1996,1,eleicao ordinaria,AC,1200179,1015,prefeito,25,PFL,25,,,nao eleito,640
1996,1,eleicao ordinaria,AC,1200179,1015,vereador,11,PPB,11602,,,suplente,31
1996,1,eleicao ordinaria,AC,1200179,1015,vereador,11,PPB,11606,,,suplente,12
1996,1,eleicao ordinaria,AC,1200179,1015,vereador,11,PPB,11610,,,eleito,152
1996,1,eleicao ordinaria,AC,1200179,1015,vereador,11,PPB,11611,,,eleito,101
1996,1,eleicao ordinaria,AC,1200179,1015,vereador,11,PPB,11612,,,suplente,7
1996,1,eleicao ordinaria,AC,1200179,1015,vereador,11,PPB,11613,,,suplente,54
1996,1,eleicao ordinaria,AC,1200179,1015,vereador,11,PPB,11615,,,suplente,34
1996,1,eleicao ordinaria,AC,1200179,1015,vereador,13,PT,13601,,,suplente,13
1996,1,eleicao ordinaria,AC,1200179,1015,vereador,13,PT,13610,,,suplente,18
1996,1,eleicao ordinaria,AC,1200179,1015,vereador,13,PT,13613,,,suplente,55
1996,1,eleicao ordinaria,AC,1200179,1015,vereador,13,PT,13615,,,suplente,6
1996,1,eleicao ordinaria,AC,1200179,1015,vereador,13,PT,13622,,,suplente,11
1996,1,eleicao ordinaria,AC,1200179,1015,vereador,13,PT,13630,,,eleito,56
1996,1,eleicao ordinaria,AC,1200179,1015,vereador,13,PT,13633,,,suplente,24
1996,1,eleicao ordinaria,AC,1200179,1015,vereador,13,PT,13666,,,suplente,3
1996,1,eleicao ordinaria,AC,1200179,1015,vereador,15,PMDB,15601,,,eleito,74
1996,1,eleicao ordinaria,AC,1200179,1015,vereador,15,PMDB,15602,,,suplente,26
1996,1,eleicao ordinaria,AC,1200179,1015,vereador,15,PMDB,15603,,,suplente,39
1996,1,eleicao ordinaria,AC,1200179,1015,vereador,15,PMDB,15604,,,suplente,49
1996,1,eleicao ordinaria,AC,1200179,1015,vereador,15,PMDB,15605,,,eleito,151
1996,1,eleicao ordinaria,AC,1200179,1015,vereador,15,PMDB,15606,,,eleito por media,66
1996,1,eleicao ordinaria,AC,1200179,1015,vereador,17,PSL,17601,,,eleito,85
1996,1,eleicao ordinaria,AC,1200179,1015,vereador,17,PSL,17605,,,suplente,18
1996,1,eleicao ordinaria,AC,1200179,1015,vereador,17,PSL,17610,,,suplente,17
1996,1,eleicao ordinaria,AC,1200179,1015,vereador,17,PSL,17620,,,eleito por media,61
1996,1,eleicao ordinaria,AC,1200179,1015,vereador,25,PFL,25601,,,suplente,50
1996,1,eleicao ordinaria,AC,1200179,1015,vereador,25,PFL,25605,,,suplente,17
1996,1,eleicao ordinaria,AC,1200179,1015,vereador,25,PFL,25610,,,eleito,97
1996,1,eleicao ordinaria,AC,1200179,1015,vereador,25,PFL,25611,,,suplente,56
1996,1,eleicao ordinaria,AC,1200179,1015,vereador,25,PFL,25615,,,suplente,51
1996,1,eleicao ordinaria,AC,1200401,1392,prefeito,11,PPB,11,,,nao eleito,5500
1996,1,eleicao ordinaria,AC,1200401,1392,prefeito,13,PT,13,,,nao eleito,41503
1996,1,eleicao ordinaria,AC,1200401,1392,prefeito,14,PTB,14,,,nao eleito,335
1996,1,eleicao ordinaria,AC,1200401,1392,prefeito,15,PMDB,15,,,eleito,45113
1996,1,eleicao ordinaria,AC,1200401,1392,prefeito,33,PMN,33,,,nao eleito,2294
1996,1,eleicao ordinaria,AC,1200401,1392,prefeito,45,PSDB,45,,,nao eleito,401
1996,1,eleicao ordinaria,AC,1200401,1392,prefeito,65,PC do B,65,,,nao eleito,975
1996,1,eleicao ordinaria,AC,1200401,1392,prefeito,70,PT do B,70,,,nao eleito,277
1996,1,eleicao ordinaria,AC,1200401,1392,vereador,11,PPB,11601,,,suplente,130
1996,1,eleicao ordinaria,AC,1200401,1392,vereador,11,PPB,11609,,,suplente,412
1996,1,eleicao ordinaria,AC,1200401,1392,vereador,11,PPB,11611,,,eleito,2047
1996,1,eleicao ordinaria,AC,1200401,1392,vereador,11,PPB,11612,,,eleito,1960
1996,1,eleicao ordinaria,AC,1200401,1392,vereador,11,PPB,11613,,,eleito por media,1709
1996,1,eleicao ordinaria,AC,1200401,1392,vereador,11,PPB,11618,,,suplente,408
1996,1,eleicao ordinaria,AC,1200401,1392,vereador,11,PPB,11619,,,suplente,654
1996,1,eleicao ordinaria,AC,1200401,1392,vereador,11,PPB,11621,,,suplente,556
1996,1,eleicao ordinaria,AC,1200401,1392,vereador,11,PPB,11622,,,suplente,485
1996,1,eleicao ordinaria,AC,1200401,1392,vereador,11,PPB,11630,,,suplente,737
1996,1,eleicao ordinaria,AC,1200401,1392,vereador,11,PPB,11633,,,suplente,975
1996,1,eleicao ordinaria,AC,1200401,1392,vereador,11,PPB,11636,,,suplente,418
1996,1,eleicao ordinaria,AC,1200401,1392,vereador,11,PPB,11644,,,suplente,227
1996,1,eleicao ordinaria,AC,1200401,1392,vereador,11,PPB,11655,,,suplente,200
1996,1,eleicao ordinaria,AC,1200401,1392,vereador,11,PPB,11666,,,eleito por media,1356
1996,1,eleicao ordinaria,AC,1200401,1392,vereador,11,PPB,11677,,,suplente,163
1996,1,eleicao ordinaria,AC,1200401,1392,vereador,11,PPB,11699,,,suplente,843
1996,1,eleicao ordinaria,AC,1200401,1392,vereador,12,PDT,12601,,,nao eleito,226
1996,1,eleicao ordinaria,AC,1200401,1392,vereador,12,PDT,12608,,,nao eleito,11
1996,1,eleicao ordinaria,AC,1200401,1392,vereador,12,PDT,12610,,,nao eleito,49
1996,1,eleicao ordinaria,AC,1200401,1392,vereador,12,PDT,12611,,,nao eleito,459
1996,1,eleicao ordinaria,AC,1200401,1392,vereador,12,PDT,12612,,,nao eleito,91
1996,1,eleicao ordinaria,AC,1200401,1392,vereador,12,PDT,12613,,,nao eleito,99
1996,1,eleicao ordinaria,AC,1200401,1392,vereador,12,PDT,12615,,,nao eleito,111
1996,1,eleicao ordinaria,AC,1200401,1392,vereador,12,PDT,12622,,,nao eleito,221
1996,1,eleicao ordinaria,AC,1200401,1392,vereador,12,PDT,12633,,,nao eleito,69
1996,1,eleicao ordinaria,AC,1200401,1392,vereador,12,PDT,12638,,,nao eleito,1
1996,1,eleicao ordinaria,AC,1200401,1392,vereador,12,PDT,12640,,,nao eleito,186
1996,1,eleicao ordinaria,AC,1200401,1392,vereador,12,PDT,12644,,,nao eleito,523
1996,1,eleicao ordinaria,AC,1200401,1392,vereador,12,PDT,12655,,,nao eleito,23
1996,1,eleicao ordinaria,AC,1200401,1392,vereador,12,PDT,12666,,,nao eleito,50
1996,1,eleicao ordinaria,AC,1200401,1392,vereador,12,PDT,12670,,,nao eleito,262
1996,1,eleicao ordinaria,AC,1200401,1392,vereador,12,PDT,12677,,,nao eleito,368
1996,1,eleicao ordinaria,AC,1200401,1392,vereador,12,PDT,12678,,,nao eleito,75
1996,1,eleicao ordinaria,AC,1200401,1392,vereador,12,PDT,12688,,,nao eleito,68
1996,1,eleicao ordinaria,AC,1200401,1392,vereador,13,PT,13609,,,suplente,300
1996,1,eleicao ordinaria,AC,1200401,1392,vereador,13,PT,13612,,,suplente,495
1996,1,eleicao ordinaria,AC,1200401,1392,vereador,13,PT,13620,,,eleito por media,1284
1996,1,eleicao ordinaria,AC,1200401,1392,vereador,13,PT,13630,,,eleito,1564
1996,1,eleicao ordinaria,AC,1200401,1392,vereador,13,PT,13632,,,suplente,190
1996,1,eleicao ordinaria,AC,1200401,1392,vereador,13,PT,13654,,,suplente,321
1996,1,eleicao ordinaria,AC,1200401,1392,vereador,13,PT,13656,,,eleito,1345
1996,1,eleicao ordinaria,AC,1200401,1392,vereador,13,PT,13666,,,suplente,487
1996,1,eleicao ordinaria,AC,1200401,1392,vereador,13,PT,13680,,,suplente,514
1996,1,eleicao ordinaria,AC,1200401,1392,vereador,13,PT,13690,,,eleito,1339
1996,1,eleicao ordinaria,AC,1200401,1392,vereador,13,PT,13696,,,suplente,838
1996,1,eleicao ordinaria,AC,1200401,1392,vereador,13,PT,13698,,,suplente,782
1996,1,eleicao ordinaria,AC,1200401,1392,vereador,14,PTB,14100,,,nao eleito,1
1996,1,eleicao ordinaria,AC,1200401,1392,vereador,14,PTB,14102,,,nao eleito,1
1996,1,eleicao ordinaria,AC,1200401,1392,vereador,14,PTB,14111,,,nao eleito,223
1996,1,eleicao ordinaria,AC,1200401,1392,vereador,14,PTB,14112,,,nao eleito,34
1996,1,eleicao ordinaria,AC,1200401,1392,vereador,14,PTB,14118,,,nao eleito,142
1996,1,eleicao ordinaria,AC,1200401,1392,vereador,14,PTB,14122,,,nao eleito,115
1996,1,eleicao ordinaria,AC,1200401,1392,vereador,14,PTB,14123,,,nao eleito,96
1996,1,eleicao ordinaria,AC,1200401,1392,vereador,14,PTB,14132,,,nao eleito,16
1996,1,eleicao ordinaria,AC,1200401,1392,vereador,14,PTB,14133,,,nao eleito,56
1996,1,eleicao ordinaria,AC,1200401,1392,vereador,14,PTB,14144,,,nao eleito,29
1996,1,eleicao ordinaria,AC,1200401,1392,vereador,15,PMDB,15601,,,suplente,292
1996,1,eleicao ordinaria,AC,1200401,1392,vereador,15,PMDB,15602,,,eleito,1452
1996,1,eleicao ordinaria,AC,1200401,1392,vereador,15,PMDB,15603,,,suplente,198
1996,1,eleicao ordinaria,AC,1200401,1392,vereador,15,PMDB,15604,,,suplente,903
1996,1,eleicao ordinaria,AC,1200401,1392,vereador,15,PMDB,15605,,,suplente,653
1996,1,eleicao ordinaria,AC,1200401,1392,vereador,15,PMDB,15606,,,suplente,336
1996,1,eleicao ordinaria,AC,1200401,1392,vereador,15,PMDB,15607,,,suplente,143
1996,1,eleicao ordinaria,AC,1200401,1392,vereador,15,PMDB,15608,,,suplente,388
1996,1,eleicao ordinaria,AC,1200401,1392,vereador,15,PMDB,15609,,,suplente,277
1996,1,eleicao ordinaria,AC,1200401,1392,vereador,15,PMDB,15610,,,suplente,1036
1996,1,eleicao ordinaria,AC,1200401,1392,vereador,15,PMDB,15611,,,eleito,1630
1996,1,eleicao ordinaria,AC,1200401,1392,vereador,15,PMDB,15612,,,suplente,544
1996,1,eleicao ordinaria,AC,1200401,1392,vereador,15,PMDB,15613,,,suplente,396
1996,1,eleicao ordinaria,AC,1200401,1392,vereador,15,PMDB,15618,,,suplente,679
1996,1,eleicao ordinaria,AC,1200401,1392,vereador,15,PMDB,15620,,,eleito por media,1241
1996,1,eleicao ordinaria,AC,1200401,1392,vereador,15,PMDB,15621,,,suplente,474
1996,1,eleicao ordinaria,AC,1200401,1392,vereador,15,PMDB,15623,,,suplente,542
1996,1,eleicao ordinaria,AC,1200401,1392,vereador,15,PMDB,15630,,,suplente,847
1996,1,eleicao ordinaria,AC,1200401,1392,vereador,15,PMDB,15647,,,suplente,1123
1996,1,eleicao ordinaria,AC,1200401,1392,vereador,15,PMDB,15670,,,suplente,443
1996,1,eleicao ordinaria,AC,1200401,1392,vereador,15,PMDB,15678,,,eleito por media,1215
1996,1,eleicao ordinaria,AC,1200401,1392,vereador,15,PMDB,15690,,,eleito,1392
1996,1,eleicao ordinaria,AC,1200401,1392,vereador,17,PSL,17666,,,suplente,341
1996,1,eleicao ordinaria,AC,1200401,1392,vereador,17,PSL,17699,,,suplente,125
1996,1,eleicao ordinaria,AC,1200401,1392,vereador,22,PL,22620,,,suplente,619
1996,1,eleicao ordinaria,AC,1200401,1392,vereador,22,PL,22622,,,suplente,423
1996,1,eleicao ordinaria,AC,1200401,1392,vereador,22,PL,22650,,,suplente,6
1996,1,eleicao ordinaria,AC,1200401,1392,vereador,22,PL,22654,,,suplente,108
1996,1,eleicao ordinaria,AC,1200401,1392,vereador,22,PL,22655,,,suplente,78
1996,1,eleicao ordinaria,AC,1200401,1392,vereador,22,PL,22662,,,eleito,1523
1996,1,eleicao ordinaria,AC,1200401,1392,vereador,22,PL,22666,,,suplente,316
1996,1,eleicao ordinaria,AC,1200401,1392,vereador,22,PL,22696,,,suplente,459
1996,1,eleicao ordinaria,AC,1200401,1392,vereador,25,PFL,25603,,,eleito,1567
1996,1,eleicao ordinaria,AC,1200401,1392,vereador,25,PFL,25613,,,suplente,105
1996,1,eleicao ordinaria,AC,1200401,1392,vereador,25,PFL,25614,,,suplente,121
1996,1,eleicao ordinaria,AC,1200401,1392,vereador,25,PFL,25615,,,suplente,888
1996,1,eleicao ordinaria,AC,1200401,1392,vereador,25,PFL,25616,,,suplente,36
1996,1,eleicao ordinaria,AC,1200401,1392,vereador,25,PFL,25620,,,suplente,53
1996,1,eleicao ordinaria,AC,1200401,1392,vereador,25,PFL,25623,,,suplente,63
1996,1,eleicao ordinaria,AC,1200401,1392,vereador,25,PFL,25624,,,suplente,267
1996,1,eleicao ordinaria,AC,1200401,1392,vereador,25,PFL,25625,,,suplente,309
1996,1,eleicao ordinaria,AC,1200401,1392,vereador,25,PFL,25630,,,eleito por media,1303
1996,1,eleicao ordinaria,AC,1200401,1392,vereador,25,PFL,25631,,,suplente,528
1996,1,eleicao ordinaria,AC,1200401,1392,vereador,25,PFL,25637,,,suplente,176
1996,1,eleicao ordinaria,AC,1200401,1392,vereador,25,PFL,25638,,,suplente,139
1996,1,eleicao ordinaria,AC,1200401,1392,vereador,25,PFL,25640,,,suplente,526
1996,1,eleicao ordinaria,AC,1200401,1392,vereador,25,PFL,25652,,,suplente,116
1996,1,eleicao ordinaria,AC,1200401,1392,vereador,25,PFL,25669,,,suplente,101
1996,1,eleicao ordinaria,AC,1200401,1392,vereador,25,PFL,25670,,,suplente,1296
1996,1,eleicao ordinaria,AC,1200401,1392,vereador,25,PFL,25678,,,suplente,1167
1996,1,eleicao ordinaria,AC,1200401,1392,vereador,25,PFL,25680,,,suplente,40
1996,1,eleicao ordinaria,AC,1200401,1392,vereador,25,PFL,25690,,,suplente,70
1996,1,eleicao ordinaria,AC,1200401,1392,vereador,25,PFL,25699,,,suplente,69
1996,1,eleicao ordinaria,AC,1200401,1392,vereador,33,PMN,33600,,,suplente,325
1996,1,eleicao ordinaria,AC,1200401,1392,vereador,33,PMN,33601,,,eleito,1523
1996,1,eleicao ordinaria,AC,1200401,1392,vereador,33,PMN,33610,,,suplente,138
1996,1,eleicao ordinaria,AC,1200401,1392,vereador,33,PMN,33611,,,suplente,408
1996,1,eleicao ordinaria,AC,1200401,1392,vereador,33,PMN,33620,,,suplente,20
1996,1,eleicao ordinaria,AC,1200401,1392,vereador,33,PMN,33622,,,eleito,2033
1996,1,eleicao ordinaria,AC,1200401,1392,vereador,33,PMN,33636,,,suplente,624
1996,1,eleicao ordinaria,AC,1200401,1392,vereador,33,PMN,33640,,,suplente,879
1996,1,eleicao ordinaria,AC,1200401,1392,vereador,33,PMN,33644,,,suplente,188
1996,1,eleicao ordinaria,AC,1200401,1392,vereador,33,PMN,33646,,,suplente,675
1996,1,eleicao ordinaria,AC,1200401,1392,vereador,33,PMN,33650,,,suplente,127
1996,1,eleicao ordinaria,AC,1200401,1392,vereador,33,PMN,33655,,,suplente,175
1996,1,eleicao ordinaria,AC,1200401,1392,vereador,33,PMN,33666,,,suplente,744
1996,1,eleicao ordinaria,AC,1200401,1392,vereador,33,PMN,33669,,,suplente,688
1996,1,eleicao ordinaria,AC,1200401,1392,vereador,33,PMN,33670,,,suplente,500
1996,1,eleicao ordinaria,AC,1200401,1392,vereador,33,PMN,33677,,,suplente,406
1996,1,eleicao ordinaria,AC,1200401,1392,vereador,33,PMN,33680,,,suplente,405
1996,1,eleicao ordinaria,AC,1200401,1392,vereador,40,PSB,40601,,,suplente,250
1996,1,eleicao ordinaria,AC,1200401,1392,vereador,40,PSB,40611,,,suplente,435
1996,1,eleicao ordinaria,AC,1200401,1392,vereador,40,PSB,40613,,,suplente,308
1996,1,eleicao ordinaria,AC,1200401,1392,vereador,40,PSB,40630,,,suplente,157
1996,1,eleicao ordinaria,AC,1200401,1392,vereador,40,PSB,40640,,,suplente,419
1996,1,eleicao ordinaria,AC,1200401,1392,vereador,40,PSB,40660,,,suplente,196
1996,1,eleicao ordinaria,AC,1200401,1392,vereador,43,PV,43690,,,suplente,70
1996,1,eleicao ordinaria,AC,1200401,1392,vereador,43,PV,43698,,,suplente,212
1996,1,eleicao ordinaria,AC,1200401,1392,vereador,43,PV,43699,,,suplente,271
1996,1,eleicao ordinaria,AC,1200401,1392,vereador,45,PSDB,45604,,,suplente,84
1996,1,eleicao ordinaria,AC,1200401,1392,vereador,45,PSDB,45610,,,suplente,459
1996,1,eleicao ordinaria,AC,1200401,1392,vereador,45,PSDB,45611,,,suplente,139
1996,1,eleicao ordinaria,AC,1200401,1392,vereador,45,PSDB,45612,,,suplente,173
1996,1,eleicao ordinaria,AC,1200401,1392,vereador,45,PSDB,45613,,,suplente,122
1996,1,eleicao ordinaria,AC,1200401,1392,vereador,45,PSDB,45615,,,suplente,83
1996,1,eleicao ordinaria,AC,1200401,1392,vereador,45,PSDB,45622,,,suplente,240
1996,1,eleicao ordinaria,AC,1200401,1392,vereador,45,PSDB,45630,,,suplente,228
1996,1,eleicao ordinaria,AC,1200401,1392,vereador,45,PSDB,45645,,,suplente,77
1996,1,eleicao ordinaria,AC,1200401,1392,vereador,45,PSDB,45655,,,suplente,230
1996,1,eleicao ordinaria,AC,1200401,1392,vereador,45,PSDB,45666,,,suplente,4
1996,1,eleicao ordinaria,AC,1200401,1392,vereador,45,PSDB,45699,,,suplente,213
1996,1,eleicao ordinaria,AC,1200401,1392,vereador,65,PC do B,65610,,,nao eleito,174
1996,1,eleicao ordinaria,AC,1200401,1392,vereador,65,PC do B,65620,,,nao eleito,133
1996,1,eleicao ordinaria,AC,1200401,1392,vereador,65,PC do B,65622,,,nao eleito,2
1996,1,eleicao ordinaria,AC,1200401,1392,vereador,65,PC do B,65630,,,nao eleito,227
1996,1,eleicao ordinaria,AC,1200401,1392,vereador,65,PC do B,65633,,,nao eleito,172
1996,1,eleicao ordinaria,AC,1200401,1392,vereador,65,PC do B,65638,,,nao eleito,7
1996,1,eleicao ordinaria,AC,1200401,1392,vereador,65,PC do B,65650,,,nao eleito,890
1996,1,eleicao ordinaria,AC,1200401,1392,vereador,65,PC do B,65651,,,nao eleito,417
1996,1,eleicao ordinaria,AC,1200401,1392,vereador,65,PC do B,65655,,,nao eleito,452
1996,1,eleicao ordinaria,AC,1200401,1392,vereador,65,PC do B,65660,,,nao eleito,216
1996,1,eleicao ordinaria,AC,1200401,1392,vereador,65,PC do B,65661,,,nao eleito,64
1996,1,eleicao ordinaria,AC,1200401,1392,vereador,65,PC do B,65665,,,nao eleito,67
1996,1,eleicao ordinaria,AC,1200401,1392,vereador,65,PC do B,65670,,,nao eleito,185
1996,1,eleicao ordinaria,AC,1200401,1392,vereador,65,PC do B,65680,,,nao eleito,91
1996,1,eleicao ordinaria,AC,1200401,1392,vereador,65,PC do B,65688,,,nao eleito,54
1996,1,eleicao ordinaria,AC,1200401,1392,vereador,65,PC do B,65690,,,nao eleito,83
1996,1,eleicao ordinaria,AC,1200401,1392,vereador,70,PT do B,70603,,,nao eleito,84
1996,1,eleicao ordinaria,AC,1200401,1392,vereador,70,PT do B,70609,,,nao eleito,407
1996,1,eleicao ordinaria,AC,1200401,1392,vereador,70,PT do B,70610,,,nao eleito,46
1996,1,eleicao ordinaria,AC,1200401,1392,vereador,70,PT do B,70612,,,nao eleito,422
1996,1,eleicao ordinaria,AC,1200401,1392,vereador,70,PT do B,70613,,,nao eleito,32
1996,1,eleicao ordinaria,AC,1200401,1392,vereador,70,PT do B,70615,,,nao eleito,90
1996,1,eleicao ordinaria,AC,1200401,1392,vereador,70,PT do B,70617,,,nao eleito,11
1996,1,eleicao ordinaria,AC,1200401,1392,vereador,70,PT do B,70620,,,nao eleito,113
1996,1,eleicao ordinaria,AC,1200401,1392,vereador,70,PT do B,70621,,,nao eleito,119
1996,1,eleicao ordinaria,AC,1200401,1392,vereador,70,PT do B,70622,,,nao eleito,126
1996,1,eleicao ordinaria,AC,1200401,1392,vereador,70,PT do B,70625,,,nao eleito,129
1996,1,eleicao ordinaria,AC,1200401,1392,vereador,70,PT do B,70629,,,nao eleito,76
1996,1,eleicao ordinaria,AC,1200401,1392,vereador,70,PT do B,70630,,,nao eleito,122
1996,1,eleicao ordinaria,AC,1200401,1392,vereador,70,PT do B,70633,,,nao eleito,13
1996,1,eleicao ordinaria,AC,1200401,1392,vereador,70,PT do B,70654,,,nao eleito,37
1996,1,eleicao ordinaria,AC,1200401,1392,vereador,70,PT do B,70666,,,nao eleito,509
1996,1,eleicao ordinaria,AC,1200401,1392,vereador,70,PT do B,70670,,,nao eleito,62
1996,1,eleicao ordinaria,AC,1200401,1392,vereador,70,PT do B,70691,,,nao eleito,66
1996,1,eleicao ordinaria,AC,1200401,1392,vereador,70,PT do B,70699,,,nao eleito,43
1996,1,eleicao ordinaria,AC,1200807,1023,prefeito,12,PDT,12,,,nao eleito,152
1996,1,eleicao ordinaria,AC,1200807,1023,prefeito,13,PT,13,,,nao eleito,736
1996,1,eleicao ordinaria,AC,1200807,1023,prefeito,15,PMDB,15,,,nao eleito,1094
1996,1,eleicao ordinaria,AC,1200807,1023,prefeito,25,PFL,25,,,eleito,1168
1996,1,eleicao ordinaria,AC,1200807,1023,prefeito,33,PMN,33,,,nao eleito,990
1996,1,eleicao ordinaria,AC,1200807,1023,vereador,11,PPB,11611,,,suplente,83
1996,1,eleicao ordinaria,AC,1200807,1023,vereador,11,PPB,11622,,,eleito por media,129
1996,1,eleicao ordinaria,AC,1200807,1023,vereador,11,PPB,11633,,,suplente,48
1996,1,eleicao ordinaria,AC,1200807,1023,vereador,11,PPB,11644,,,suplente,38
1996,1,eleicao ordinaria,AC,1200807,1023,vereador,11,PPB,11699,,,suplente,38
1996,1,eleicao ordinaria,AC,1200807,1023,vereador,12,PDT,12610,,,nao eleito,12
1996,1,eleicao ordinaria,AC,1200807,1023,vereador,12,PDT,12666,,,nao eleito,47
1996,1,eleicao ordinaria,AC,1200807,1023,vereador,13,PT,13601,,,suplente,9
1996,1,eleicao ordinaria,AC,1200807,1023,vereador,13,PT,13602,,,suplente,5
1996,1,eleicao ordinaria,AC,1200807,1023,vereador,13,PT,13608,,,suplente,37
1996,1,eleicao ordinaria,AC,1200807,1023,vereador,13,PT,13610,,,suplente,100
1996,1,eleicao ordinaria,AC,1200807,1023,vereador,13,PT,13613,,,suplente,32
1996,1,eleicao ordinaria,AC,1200807,1023,vereador,13,PT,13620,,,eleito,139
1996,1,eleicao ordinaria,AC,1200807,1023,vereador,13,PT,13633,,,eleito por media,112
1996,1,eleicao ordinaria,AC,1200807,1023,vereador,13,PT,13660,,,suplente,110
1996,1,eleicao ordinaria,AC,1200807,1023,vereador,13,PT,13667,,,suplente,101
1996,1,eleicao ordinaria,AC,1200807,1023,vereador,15,PMDB,15601,,,suplente,58
1996,1,eleicao ordinaria,AC,1200807,1023,vereador,15,PMDB,15603,,,suplente,61
1996,1,eleicao ordinaria,AC,1200807,1023,vereador,15,PMDB,15604,,,suplente,72
1996,1,eleicao ordinaria,AC,1200807,1023,vereador,15,PMDB,15605,,,suplente,49
1996,1,eleicao ordinaria,AC,1200807,1023,vereador,15,PMDB,15606,,,eleito,183
1996,1,eleicao ordinaria,AC,1200807,1023,vereador,15,PMDB,15607,,,eleito por media,113
1996,1,eleicao ordinaria,AC,1200807,1023,vereador,15,PMDB,15610,,,suplente,65
1996,1,eleicao ordinaria,AC,1200807,1023,vereador,15,PMDB,15611,,,suplente,84
1996,1,eleicao ordinaria,AC,1200807,1023,vereador,15,PMDB,15612,,,suplente,77
1996,1,eleicao ordinaria,AC,1200807,1023,vereador,15,PMDB,15615,,,suplente,78
1996,1,eleicao ordinaria,AC,1200807,1023,vereador,15,PMDB,15620,,,suplente,70
1996,1,eleicao ordinaria,AC,1200807,1023,vereador,25,PFL,25601,,,suplente,96
1996,1,eleicao ordinaria,AC,1200807,1023,vereador,25,PFL,25602,,,suplente,34
1996,1,eleicao ordinaria,AC,1200807,1023,vereador,25,PFL,25603,,,suplente,109
1996,1,eleicao ordinaria,AC,1200807,1023,vereador,25,PFL,25604,,,suplente,16
1996,1,eleicao ordinaria,AC,1200807,1023,vereador,25,PFL,25605,,,suplente,100
1996,1,eleicao ordinaria,AC,1200807,1023,vereador,25,PFL,25606,,,eleito por media,112
1996,1,eleicao ordinaria,AC,1200807,1023,vereador,25,PFL,25607,,,eleito,128
1996,1,eleicao ordinaria,AC,1200807,1023,vereador,25,PFL,25608,,,suplente,89
1996,1,eleicao ordinaria,AC,1200807,1023,vereador,25,PFL,25609,,,suplente,47
1996,1,eleicao ordinaria,AC,1200807,1023,vereador,25,PFL,25610,,,suplente,90
1996,1,eleicao ordinaria,AC,1200807,1023,vereador,25,PFL,25611,,,suplente,91
1996,1,eleicao ordinaria,AC,1200807,1023,vereador,33,PMN,33600,,,suplente,87
1996,1,eleicao ordinaria,AC,1200807,1023,vereador,33,PMN,33611,,,suplente,26
1996,1,eleicao ordinaria,AC,1200807,1023,vereador,33,PMN,33623,,,eleito por media,103
1996,1,eleicao ordinaria,AC,1200807,1023,vereador,33,PMN,33633,,,suplente,41
1996,1,eleicao ordinaria,AC,1200807,1023,vereador,33,PMN,33666,,,suplente,102
1996,1,eleicao ordinaria,AC,1200807,1023,vereador,33,PMN,33699,,,eleito,250
1996,1,eleicao ordinaria,AC,1200807,1023,vereador,45,PSDB,45610,,,nao eleito,117
1996,1,eleicao ordinaria,AC,1200807,1023,vereador,45,PSDB,45611,,,nao eleito,73
1996,1,eleicao ordinaria,AC,1200807,1023,vereador,45,PSDB,45613,,,nao eleito,33
1996,1,eleicao ordinaria,AC,1200807,1023,vereador,45,PSDB,45620,,,nao eleito,56
1996,1,eleicao ordinaria,AC,1200807,1023,vereador,45,PSDB,45630,,,nao eleito,72
1996,1,eleicao ordinaria,AC,1200807,1023,vereador,70,PT do B,70611,,,nao eleito,15
1996,1,eleicao ordinaria,AC,1200807,1023,vereador,70,PT do B,70667,,,nao eleito,5
1996,1,eleicao ordinaria,AL,2704302,27855,prefeito,11,PPB,11,,,nao eleito,3884
1996,1,eleicao ordinaria,AL,2704302,27855,prefeito,13,PT,13,,,2ยบ turno,63548
1996,1,eleicao ordinaria,AL,2704302,27855,prefeito,14,PTB,14,,,nao eleito,41404
1996,1,eleicao ordinaria,AL,2704302,27855,prefeito,25,PFL,25,,,nao eleito,13056
1996,1,eleicao ordinaria,AL,2704302,27855,prefeito,33,PMN,33,,,nao eleito,20416
1996,1,eleicao ordinaria,AL,2704302,27855,prefeito,40,PSB,40,,,2ยบ turno,70271
1996,1,eleicao ordinaria,AL,2704302,27855,prefeito,41,PSD,41,,,nao eleito,2388
1996,1,eleicao ordinaria,AL,2704302,27855,prefeito,44,PRP,44,,,nao eleito,3550
1996,1,eleicao ordinaria,AL,2704302,27855,vereador,11,PPB,11607,,,suplente,237
1996,1,eleicao ordinaria,AL,2704302,27855,vereador,11,PPB,11609,,,suplente,637
1996,1,eleicao ordinaria,AL,2704302,27855,vereador,11,PPB,11615,,,suplente,496
1996,1,eleicao ordinaria,AL,2704302,27855,vereador,11,PPB,11620,,,suplente,727
1996,1,eleicao ordinaria,AL,2704302,27855,vereador,11,PPB,11623,,,suplente,1975
1996,1,eleicao ordinaria,AL,2704302,27855,vereador,11,PPB,11644,,,suplente,198
1996,1,eleicao ordinaria,AL,2704302,27855,vereador,11,PPB,11655,,,suplente,203
1996,1,eleicao ordinaria,AL,2704302,27855,vereador,11,PPB,11666,,,eleito,7631
1996,1,eleicao ordinaria,AL,2704302,27855,vereador,11,PPB,11677,,,suplente,2092
1996,1,eleicao ordinaria,AL,2704302,27855,vereador,11,PPB,11678,,,suplente,2210
1996,1,eleicao ordinaria,AL,2704302,27855,vereador,11,PPB,11680,,,suplente,6
1996,1,eleicao ordinaria,AL,2704302,27855,vereador,11,PPB,11690,,,suplente,212
1996,1,eleicao ordinaria,AL,2704302,27855,vereador,11,PPB,11699,,,eleito por media,2995
1996,1,eleicao ordinaria,AL,2704302,27855,vereador,12,PDT,12612,,,suplente,1118
1996,1,eleicao ordinaria,AL,2704302,27855,vereador,12,PDT,12633,,,suplente,727
1996,1,eleicao ordinaria,AL,2704302,27855,vereador,12,PDT,12654,,,eleito,2874
1996,1,eleicao ordinaria,AL,2704302,27855,vereador,12,PDT,12678,,,suplente,963
1996,1,eleicao ordinaria,AL,2704302,27855,vereador,12,PDT,12689,,,suplente,384
1996,1,eleicao ordinaria,AL,2704302,27855,vereador,13,PT,13601,,,suplente,51
1996,1,eleicao ordinaria,AL,2704302,27855,vereador,13,PT,13602,,,suplente,375
1996,1,eleicao ordinaria,AL,2704302,27855,vereador,13,PT,13609,,,suplente,3
1996,1,eleicao ordinaria,AL,2704302,27855,vereador,13,PT,13610,,,suplente,207
1996,1,eleicao ordinaria,AL,2704302,27855,vereador,13,PT,13611,,,suplente,53
1996,1,eleicao ordinaria,AL,2704302,27855,vereador,13,PT,13613,,,suplente,1384
1996,1,eleicao ordinaria,AL,2704302,27855,vereador,13,PT,13615,,,suplente,355
1996,1,eleicao ordinaria,AL,2704302,27855,vereador,13,PT,13620,,,suplente,165
1996,1,eleicao ordinaria,AL,2704302,27855,vereador,13,PT,13622,,,suplente,909
1996,1,eleicao ordinaria,AL,2704302,27855,vereador,13,PT,13623,,,eleito por media,2523
1996,1,eleicao ordinaria,AL,2704302,27855,vereador,13,PT,13630,,,suplente,124
1996,1,eleicao ordinaria,AL,2704302,27855,vereador,13,PT,13632,,,suplente,37
1996,1,eleicao ordinaria,AL,2704302,27855,vereador,13,PT,13633,,,suplente,840
1996,1,eleicao ordinaria,AL,2704302,27855,vereador,13,PT,13644,,,suplente,87
1996,1,eleicao ordinaria,AL,2704302,27855,vereador,13,PT,13650,,,suplente,1421
1996,1,eleicao ordinaria,AL,2704302,27855,vereador,13,PT,13655,,,suplente,318
1996,1,eleicao ordinaria,AL,2704302,27855,vereador,13,PT,13678,,,suplente,372
1996,1,eleicao ordinaria,AL,2704302,27855,vereador,13,PT,13699,,,eleito,3399
1996,1,eleicao ordinaria,AL,2704302,27855,vereador,14,PTB,14614,,,suplente,1496
1996,1,eleicao ordinaria,AL,2704302,27855,vereador,14,PTB,14620,,,suplente,77
1996,1,eleicao ordinaria,AL,2704302,27855,vereador,14,PTB,14633,,,suplente,463
1996,1,eleicao ordinaria,AL,2704302,27855,vereador,14,PTB,14666,,,suplente,454
1996,1,eleicao ordinaria,AL,2704302,27855,vereador,15,PMDB,15610,,,suplente,376
1996,1,eleicao ordinaria,AL,2704302,27855,vereador,15,PMDB,15631,,,suplente,938
1996,1,eleicao ordinaria,AL,2704302,27855,vereador,15,PMDB,15666,,,suplente,1291
1996,1,eleicao ordinaria,AL,2704302,27855,vereador,16,PSTU,16601,,,suplente,454
1996,1,eleicao ordinaria,AL,2704302,27855,vereador,16,PSTU,16651,,,suplente,4
1996,1,eleicao ordinaria,AL,2704302,27855,vereador,16,PSTU,16660,,,suplente,11
1996,1,eleicao ordinaria,AL,2704302,27855,vereador,17,PSL,17617,,,suplente,251
1996,1,eleicao ordinaria,AL,2704302,27855,vereador,17,PSL,17620,,,suplente,693
1996,1,eleicao ordinaria,AL,2704302,27855,vereador,18,PST,18632,,,suplente,952
1996,1,eleicao ordinaria,AL,2704302,27855,vereador,18,PST,18690,,,suplente,286
1996,1,eleicao ordinaria,AL,2704302,27855,vereador,20,PSC,20611,,,suplente,119
1996,1,eleicao ordinaria,AL,2704302,27855,vereador,22,PL,22622,,,suplente,226
1996,1,eleicao ordinaria,AL,2704302,27855,vereador,22,PL,22633,,,suplente,334
1996,1,eleicao ordinaria,AL,2704302,27855,vereador,22,PL,22666,,,suplente,130
1996,1,eleicao ordinaria,AL,2704302,27855,vereador,22,PL,22678,,,suplente,215
1996,1,eleicao ordinaria,AL,2704302,27855,vereador,23,PPS,23698,,,eleito por media,2199
1996,1,eleicao ordinaria,AL,2704302,27855,vereador,25,PFL,25604,,,suplente,94
1996,1,eleicao ordinaria,AL,2704302,27855,vereador,25,PFL,25605,,,suplente,193
1996,1,eleicao ordinaria,AL,2704302,27855,vereador,25,PFL,25611,,,suplente,1819
1996,1,eleicao ordinaria,AL,2704302,27855,vereador,25,PFL,25613,,,suplente,444
1996,1,eleicao ordinaria,AL,2704302,27855,vereador,25,PFL,25615,,,eleito,2906
1996,1,eleicao ordinaria,AL,2704302,27855,vereador,25,PFL,25622,,,suplente,1668
1996,1,eleicao ordinaria,AL,2704302,27855,vereador,25,PFL,25623,,,suplente,6
1996,1,eleicao ordinaria,AL,2704302,27855,vereador,25,PFL,25625,,,suplente,2721
1996,1,eleicao ordinaria,AL,2704302,27855,vereador,25,PFL,25626,,,suplente,351
1996,1,eleicao ordinaria,AL,2704302,27855,vereador,25,PFL,25633,,,suplente,2424
1996,1,eleicao ordinaria,AL,2704302,27855,vereador,25,PFL,25635,,,suplente,2
1996,1,eleicao ordinaria,AL,2704302,27855,vereador,25,PFL,25644,,,suplente,486
1996,1,eleicao ordinaria,AL,2704302,27855,vereador,25,PFL,25648,,,suplente,174
1996,1,eleicao ordinaria,AL,2704302,27855,vereador,25,PFL,25650,,,suplente,333
1996,1,eleicao ordinaria,AL,2704302,27855,vereador,25,PFL,25655,,,suplente,1383
1996,1,eleicao ordinaria,AL,2704302,27855,vereador,25,PFL,25660,,,suplente,91
1996,1,eleicao ordinaria,AL,2704302,27855,vereador,25,PFL,25665,,,suplente,226
1996,1,eleicao ordinaria,AL,2704302,27855,vereador,25,PFL,25666,,,eleito,3724
1996,1,eleicao ordinaria,AL,2704302,27855,vereador,25,PFL,25677,,,suplente,509
1996,1,eleicao ordinaria,AL,2704302,27855,vereador,25,PFL,25685,,,suplente,189
1996,1,eleicao ordinaria,AL,2704302,27855,vereador,25,PFL,25688,,,suplente,1375
1996,1,eleicao ordinaria,AL,2704302,27855,vereador,25,PFL,25699,,,suplente,63
1996,1,eleicao ordinaria,AL,2704302,27855,vereador,28,PRTB,28615,,,suplente,1090
1996,1,eleicao ordinaria,AL,2704302,27855,vereador,28,PRTB,28666,,,suplente,1033
1996,1,eleicao ordinaria,AL,2704302,27855,vereador,28,PRTB,28678,,,suplente,997
1996,1,eleicao ordinaria,AL,2704302,27855,vereador,33,PMN,33602,,,suplente,1019
1996,1,eleicao ordinaria,AL,2704302,27855,vereador,33,PMN,33610,,,suplente,388
1996,1,eleicao ordinaria,AL,2704302,27855,vereador,33,PMN,33611,,,suplente,762
1996,1,eleicao ordinaria,AL,2704302,27855,vereador,33,PMN,33633,,,suplente,580
1996,1,eleicao ordinaria,AL,2704302,27855,vereador,33,PMN,33636,,,suplente,18
1996,1,eleicao ordinaria,AL,2704302,27855,vereador,33,PMN,33654,,,suplente,432
1996,1,eleicao ordinaria,AL,2704302,27855,vereador,33,PMN,33655,,,suplente,121
1996,1,eleicao ordinaria,AL,2704302,27855,vereador,33,PMN,33666,,,suplente,1274
1996,1,eleicao ordinaria,AL,2704302,27855,vereador,33,PMN,33677,,,suplente,135
1996,1,eleicao ordinaria,AL,2704302,27855,vereador,33,PMN,33678,,,suplente,135
1996,1,eleicao ordinaria,AL,2704302,27855,vereador,33,PMN,33696,,,suplente,69
1996,1,eleicao ordinaria,AL,2704302,27855,vereador,33,PMN,33699,,,eleito por media,2435
1996,1,eleicao ordinaria,AL,2704302,27855,vereador,36,PRN,36611,,,suplente,322
1996,1,eleicao ordinaria,AL,2704302,27855,vereador,36,PRN,36666,,,suplente,224
1996,1,eleicao ordinaria,AL,2704302,27855,vereador,40,PSB,40602,,,suplente,84
1996,1,eleicao ordinaria,AL,2704302,27855,vereador,40,PSB,40604,,,suplente,386
1996,1,eleicao ordinaria,AL,2704302,27855,vereador,40,PSB,40610,,,suplente,246
1996,1,eleicao ordinaria,AL,2704302,27855,vereador,40,PSB,40611,,,suplente,1911
1996,1,eleicao ordinaria,AL,2704302,27855,vereador,40,PSB,40612,,,eleito,2640
1996,1,eleicao ordinaria,AL,2704302,27855,vereador,40,PSB,40613,,,suplente,40
1996,1,eleicao ordinaria,AL,2704302,27855,vereador,40,PSB,40614,,,suplente,1372
1996,1,eleicao ordinaria,AL,2704302,27855,vereador,40,PSB,40621,,,suplente,547
1996,1,eleicao ordinaria,AL,2704302,27855,vereador,40,PSB,40622,,,suplente,187
1996,1,eleicao ordinaria,AL,2704302,27855,vereador,40,PSB,40624,,,suplente,104
1996,1,eleicao ordinaria,AL,2704302,27855,vereador,40,PSB,40632,,,suplente,141
1996,1,eleicao ordinaria,AL,2704302,27855,vereador,40,PSB,40633,,,suplente,1709
1996,1,eleicao ordinaria,AL,2704302,27855,vereador,40,PSB,40640,,,suplente,1822
1996,1,eleicao ordinaria,AL,2704302,27855,vereador,40,PSB,40650,,,suplente,180
1996,1,eleicao ordinaria,AL,2704302,27855,vereador,40,PSB,40652,,,suplente,952
1996,1,eleicao ordinaria,AL,2704302,27855,vereador,40,PSB,40654,,,suplente,308
1996,1,eleicao ordinaria,AL,2704302,27855,vereador,40,PSB,40655,,,suplente,420
1996,1,eleicao ordinaria,AL,2704302,27855,vereador,40,PSB,40657,,,suplente,980
1996,1,eleicao ordinaria,AL,2704302,27855,vereador,40,PSB,40666,,,eleito,2751
1996,1,eleicao ordinaria,AL,2704302,27855,vereador,40,PSB,40678,,,suplente,1890
1996,1,eleicao ordinaria,AL,2704302,27855,vereador,40,PSB,40688,,,suplente,308
1996,1,eleicao ordinaria,AL,2704302,27855,vereador,41,PSD,41601,,,eleito,2507
1996,1,eleicao ordinaria,AL,2704302,27855,vereador,41,PSD,41602,,,suplente,1697
1996,1,eleicao ordinaria,AL,2704302,27855,vereador,41,PSD,41608,,,suplente,1078
1996,1,eleicao ordinaria,AL,2704302,27855,vereador,41,PSD,41611,,,suplente,1382
1996,1,eleicao ordinaria,AL,2704302,27855,vereador,41,PSD,41614,,,suplente,506
1996,1,eleicao ordinaria,AL,2704302,27855,vereador,41,PSD,41615,,,suplente,1736
1996,1,eleicao ordinaria,AL,2704302,27855,vereador,41,PSD,41622,,,suplente,358
1996,1,eleicao ordinaria,AL,2704302,27855,vereador,41,PSD,41633,,,suplente,1855
1996,1,eleicao ordinaria,AL,2704302,27855,vereador,41,PSD,41640,,,suplente,186
1996,1,eleicao ordinaria,AL,2704302,27855,vereador,41,PSD,41641,,,suplente,14
1996,1,eleicao ordinaria,AL,2704302,27855,vereador,41,PSD,41644,,,suplente,2124
1996,1,eleicao ordinaria,AL,2704302,27855,vereador,41,PSD,41646,,,suplente,96
1996,1,eleicao ordinaria,AL,2704302,27855,vereador,41,PSD,41650,,,suplente,877
1996,1,eleicao ordinaria,AL,2704302,27855,vereador,41,PSD,41654,,,suplente,9
1996,1,eleicao ordinaria,AL,2704302,27855,vereador,41,PSD,41660,,,suplente,971
1996,1,eleicao ordinaria,AL,2704302,27855,vereador,41,PSD,41666,,,suplente,1726
1996,1,eleicao ordinaria,AL,2704302,27855,vereador,41,PSD,41677,,,suplente,652
1996,1,eleicao ordinaria,AL,2704302,27855,vereador,41,PSD,41678,,,suplente,2062
1996,1,eleicao ordinaria,AL,2704302,27855,vereador,41,PSD,41688,,,suplente,15
1996,1,eleicao ordinaria,AL,2704302,27855,vereador,41,PSD,41690,,,suplente,267
1996,1,eleicao ordinaria,AL,2704302,27855,vereador,41,PSD,41699,,,eleito,3151
1996,1,eleicao ordinaria,AL,2704302,27855,vereador,43,PV,43610,,,suplente,884
1996,1,eleicao ordinaria,AL,2704302,27855,vereador,43,PV,43633,,,suplente,181
1996,1,eleicao ordinaria,AL,2704302,27855,vereador,43,PV,43643,,,suplente,1785
1996,1,eleicao ordinaria,AL,2704302,27855,vereador,43,PV,43654,,,suplente,1374
1996,1,eleicao ordinaria,AL,2704302,27855,vereador,43,PV,43666,,,eleito por media,2009
1996,1,eleicao ordinaria,AL,2704302,27855,vereador,43,PV,43678,,,suplente,759
1996,1,eleicao ordinaria,AL,2704302,27855,vereador,43,PV,43688,,,suplente,453
1996,1,eleicao ordinaria,AL,2704302,27855,vereador,43,PV,43690,,,suplente,1868
1996,1,eleicao ordinaria,AL,2704302,27855,vereador,43,PV,43699,,,eleito,3665
1996,1,eleicao ordinaria,AL,2704302,27855,vereador,44,PRP,44607,,,suplente,1685
1996,1,eleicao ordinaria,AL,2704302,27855,vereador,44,PRP,44611,,,suplente,190
1996,1,eleicao ordinaria,AL,2704302,27855,vereador,44,PRP,44612,,,suplente,144
1996,1,eleicao ordinaria,AL,2704302,27855,vereador,44,PRP,44613,,,suplente,1009
1996,1,eleicao ordinaria,AL,2704302,27855,vereador,44,PRP,44615,,,suplente,5
1996,1,eleicao ordinaria,AL,2704302,27855,vereador,44,PRP,44620,,,suplente,619
1996,1,eleicao ordinaria,AL,2704302,27855,vereador,44,PRP,44622,,,suplente,1298
1996,1,eleicao ordinaria,AL,2704302,27855,vereador,44,PRP,44625,,,suplente,587
1996,1,eleicao ordinaria,AL,2704302,27855,vereador,44,PRP,44630,,,suplente,301
1996,1,eleicao ordinaria,AL,2704302,27855,vereador,44,PRP,44633,,,eleito,2572
1996,1,eleicao ordinaria,AL,2704302,27855,vereador,44,PRP,44644,,,suplente,1267
1996,1,eleicao ordinaria,AL,2704302,27855,vereador,44,PRP,44654,,,suplente,127
1996,1,eleicao ordinaria,AL,2704302,27855,vereador,44,PRP,44655,,,suplente,1092
1996,1,eleicao ordinaria,AL,2704302,27855,vereador,44,PRP,44663,,,suplente,511
1996,1,eleicao ordinaria,AL,2704302,27855,vereador,44,PRP,44666,,,suplente,521
1996,1,eleicao ordinaria,AL,2704302,27855,vereador,44,PRP,44678,,,suplente,1019
1996,1,eleicao ordinaria,AL,2704302,27855,vereador,45,PSDB,45618,,,eleito por media,2194
1996,1,eleicao ordinaria,AL,2704302,27855,vereador,45,PSDB,45632,,,suplente,949
1996,1,eleicao ordinaria,AL,2704302,27855,vereador,45,PSDB,45645,,,eleito,3103
1996,1,eleicao ordinaria,AL,2704302,27855,vereador,45,PSDB,45654,,,suplente,1402
1996,1,eleicao ordinaria,AL,2704302,27855,vereador,45,PSDB,45666,,,suplente,1246
1996,1,eleicao ordinaria,AL,2704302,27855,vereador,45,PSDB,45670,,,eleito,2279
1996,1,eleicao ordinaria,AL,2704302,27855,vereador,45,PSDB,45678,,,suplente,440
1996,1,eleicao ordinaria,AL,2704302,27855,vereador,45,PSDB,45680,,,suplente,1705
1996,1,eleicao ordinaria,AL,2704302,27855,vereador,45,PSDB,45690,,,suplente,88